<?xml version="1.0"?>
<tasks
    xmlns:xsi="http://www.w3.org/2001/XMLSchema-instance"
    xsi:noNamespaceSchemaLocation="tasks.xsd"
>    
    <task>
        <id>1</id>
        <job>Comp1234 assignment</job>
        <priority>3</priority>
        <size>2</size>
        <group>2</group>
        <deadline>2017-02-19</deadline>
        <status>1</status>
        <flag/>
    </task>
    <task>
        <id>2</id>
        <job>Mow the lawn</job>
        <priority>2</priority>
        <size>2</size>
        <group>1</group>
        <stzatus>2</stzatus>
        <flag/>
    </task>
    <task>
        <id>3</id>
        <job>Wash the car</job>
        <priority>2</priority>
        <size>2</size>
        <group>1</group>
        <status/>
        <flag/>
    </task>
    <task>
        <id>4</id>
        <job>Paint the fence</job>
        <priority>1</priority>
        <size>2</size>
        <group>1</group>
        <status>1</status>
        <flag/>
    </task>
</tasks>
