<?xml version="1.0" encoding="UTF-8"?>
<!--
Takeout order for a burger joint
-->
<order type="takeout">
    <customer>George</customer>
    <delivery>Send by taxi</delivery>
    <burger>
        <patty type="beef"/>
        <cheeses top="american" bottom="swiss"/>
        <sauce type="ketchup"/>
        <instructions>This is for my kid brother - spit on it!</instructions>
    </burger>
    <burger>
        <patty type="vege"/>
        <cheeses top="gouda" bottom="gouda"/>
        <topping type="lettuce"/>
        <topping type="tomato"/>
    </burger>
    <burger>
        <patty type="turkey"/>
        <cheeses bottom="brie"/>
        <topping type="raw"/>
        <topping type="salsa"/>
        <sauce type="fksauce"/>
        <name>Christmas Special</name>
    </burger>
</order>

