<?xml version="1.0" encoding="UTF-8"?>
<project-private xmlns="http://www.netbeans.org/ns/project-private/1">
    <editor-bookmarks xmlns="http://www.netbeans.org/ns/editor-bookmarks/2" lastBookmarkId="0"/>
    <open-files xmlns="http://www.netbeans.org/ns/projectui-open-files/2">
        <group>
            <file>file:/home/bcit/winter2019/acit4850/seminar05/data/tasks.xml</file>
            <file>file:/home/bcit/winter2019/acit4850/seminar05/data/tasks.xsd</file>
            <file>file:/home/bcit/winter2019/acit4850/seminar05/main.js</file>
        </group>
    </open-files>
</project-private>
