<?xml version="1.0"?>
<tasks>
  <task>
    <id>1</id>
    <job>Comp1234 assignment</job>
    <priority>3</priority>
    <size>2</size>
    <group>2</group>
    <deadline>20170219</deadline>
    <status>1</status>
    <flag/>
  </task>
  <task>
    <id>2</id>
    <job>Mow the lawn</job>
    <priority>2</priority>
    <size>2</size>
    <group>1</group>
    <deadline/>
    <status>2</status>
    <flag/>
   </task>
  <task>
    <id>3</id>
    <job>Wash the car</job>
    <priority>2</priority>
    <size>2</size>
    <group>1</group>
    <deadline/>
    <status/>
    <flag/>
  </task>
  <task>
    <id>4</id>
    <job>Paint the fence</job>
    <priority>1</priority>
    <size>2</size>
    <group>1</group>
    <deadline/>
    <status>1</status>
    <flag/>
  </task>
</tasks>
